model,accuracy,precision,recall,f1
KSVM,0.9230769230769231,0.9333333333333333,0.9655172413793104,0.9491525423728814
Random Forest,0.8974358974358975,0.9310344827586207,0.9310344827586207,0.9310344827586207
Decision Tree,0.7435897435897436,0.8518518518518519,0.7931034482758621,0.8214285714285714
KNN,0.9230769230769231,1.0,0.896551724137931,0.9454545454545454
FNN,0.6923076923076923,1.0,0.5862068965517241,0.7391304347826086
